[{"model": "admin.logentry", "pk": 1, "fields": {"action_time": "2024-08-19T14:34:46.589Z", "user": 1, "content_type": 6, "object_id": "1", "object_repr": "mobilemoney", "action_flag": 2, "change_message": "[{\"changed\": {\"fields\": [\"First name\", \"Last name\", \"Phone number\", \"House number\", \"Business location\", \"Is approved\"]}}]"}}, {"model": "admin.logentry", "pk": 2, "fields": {"action_time": "2024-08-19T15:18:01.147Z", "user": 1, "content_type": 8, "object_id": "1", "object_repr": "CashRequest object (1)", "action_flag": 2, "change_message": "[{\"changed\": {\"fields\": [\"Is approved\"]}}]"}}, {"model": "admin.logentry", "pk": 3, "fields": {"action_time": "2024-08-19T15:18:19.632Z", "user": 1, "content_type": 9, "object_id": "1", "object_repr": "FloatRequest object (1)", "action_flag": 2, "change_message": "[{\"changed\": {\"fields\": [\"Is approved\"]}}]"}}, {"model": "admin.logentry", "pk": 4, "fields": {"action_time": "2024-08-19T15:20:34.504Z", "user": 1, "content_type": 10, "object_id": "2", "object_repr": "Transaction object (2)", "action_flag": 2, "change_message": "[{\"changed\": {\"fields\": [\"Amount\"]}}]"}}, {"model": "admin.logentry", "pk": 5, "fields": {"action_time": "2024-08-21T20:20:44.997Z", "user": 1, "content_type": 6, "object_id": "2", "object_repr": "baju", "action_flag": 2, "change_message": "[{\"changed\": {\"fields\": [\"Phone number\"]}}]"}}, {"model": "admin.logentry", "pk": 6, "fields": {"action_time": "2024-08-21T20:21:17.425Z", "user": 1, "content_type": 6, "object_id": "2", "object_repr": "baju", "action_flag": 2, "change_message": "[{\"changed\": {\"fields\": [\"Is approved\"]}}]"}}, {"model": "admin.logentry", "pk": 7, "fields": {"action_time": "2024-08-21T23:57:23.337Z", "user": 1, "content_type": 7, "object_id": "3", "object_repr": "Balance object (3)", "action_flag": 3, "change_message": ""}}, {"model": "admin.logentry", "pk": 8, "fields": {"action_time": "2024-08-21T23:57:23.337Z", "user": 1, "content_type": 7, "object_id": "2", "object_repr": "Balance object (2)", "action_flag": 3, "change_message": ""}}, {"model": "admin.logentry", "pk": 9, "fields": {"action_time": "2024-08-21T23:57:23.337Z", "user": 1, "content_type": 7, "object_id": "1", "object_repr": "Balance object (1)", "action_flag": 3, "change_message": ""}}, {"model": "admin.logentry", "pk": 10, "fields": {"action_time": "2024-08-21T23:57:45.326Z", "user": 1, "content_type": 8, "object_id": "13", "object_repr": "CashRequest object (13)", "action_flag": 3, "change_message": ""}}, {"model": "admin.logentry", "pk": 11, "fields": {"action_time": "2024-08-21T23:57:45.326Z", "user": 1, "content_type": 8, "object_id": "12", "object_repr": "CashRequest object (12)", "action_flag": 3, "change_message": ""}}, {"model": "admin.logentry", "pk": 12, "fields": {"action_time": "2024-08-21T23:57:45.326Z", "user": 1, "content_type": 8, "object_id": "11", "object_repr": "CashRequest object (11)", "action_flag": 3, "change_message": ""}}, {"model": "admin.logentry", "pk": 13, "fields": {"action_time": "2024-08-21T23:57:45.326Z", "user": 1, "content_type": 8, "object_id": "10", "object_repr": "CashRequest object (10)", "action_flag": 3, "change_message": ""}}, {"model": "admin.logentry", "pk": 14, "fields": {"action_time": "2024-08-21T23:57:45.326Z", "user": 1, "content_type": 8, "object_id": "9", "object_repr": "CashRequest object (9)", "action_flag": 3, "change_message": ""}}, {"model": "admin.logentry", "pk": 15, "fields": {"action_time": "2024-08-21T23:57:45.326Z", "user": 1, "content_type": 8, "object_id": "8", "object_repr": "CashRequest object (8)", "action_flag": 3, "change_message": ""}}, {"model": "admin.logentry", "pk": 16, "fields": {"action_time": "2024-08-21T23:57:45.326Z", "user": 1, "content_type": 8, "object_id": "7", "object_repr": "CashRequest object (7)", "action_flag": 3, "change_message": ""}}, {"model": "admin.logentry", "pk": 17, "fields": {"action_time": "2024-08-21T23:57:45.326Z", "user": 1, "content_type": 8, "object_id": "6", "object_repr": "CashRequest object (6)", "action_flag": 3, "change_message": ""}}, {"model": "admin.logentry", "pk": 18, "fields": {"action_time": "2024-08-21T23:57:45.326Z", "user": 1, "content_type": 8, "object_id": "5", "object_repr": "CashRequest object (5)", "action_flag": 3, "change_message": ""}}, {"model": "admin.logentry", "pk": 19, "fields": {"action_time": "2024-08-21T23:57:45.326Z", "user": 1, "content_type": 8, "object_id": "4", "object_repr": "CashRequest object (4)", "action_flag": 3, "change_message": ""}}, {"model": "admin.logentry", "pk": 20, "fields": {"action_time": "2024-08-21T23:57:45.326Z", "user": 1, "content_type": 8, "object_id": "3", "object_repr": "CashRequest object (3)", "action_flag": 3, "change_message": ""}}, {"model": "admin.logentry", "pk": 21, "fields": {"action_time": "2024-08-21T23:57:45.326Z", "user": 1, "content_type": 8, "object_id": "2", "object_repr": "CashRequest object (2)", "action_flag": 3, "change_message": ""}}, {"model": "admin.logentry", "pk": 22, "fields": {"action_time": "2024-08-21T23:57:45.326Z", "user": 1, "content_type": 8, "object_id": "1", "object_repr": "CashRequest object (1)", "action_flag": 3, "change_message": ""}}, {"model": "admin.logentry", "pk": 23, "fields": {"action_time": "2024-08-21T23:58:10.858Z", "user": 1, "content_type": 9, "object_id": "4", "object_repr": "FloatRequest object (4)", "action_flag": 3, "change_message": ""}}, {"model": "admin.logentry", "pk": 24, "fields": {"action_time": "2024-08-21T23:58:10.858Z", "user": 1, "content_type": 9, "object_id": "3", "object_repr": "FloatRequest object (3)", "action_flag": 3, "change_message": ""}}, {"model": "admin.logentry", "pk": 25, "fields": {"action_time": "2024-08-21T23:58:10.858Z", "user": 1, "content_type": 9, "object_id": "2", "object_repr": "FloatRequest object (2)", "action_flag": 3, "change_message": ""}}, {"model": "admin.logentry", "pk": 26, "fields": {"action_time": "2024-08-21T23:58:10.858Z", "user": 1, "content_type": 9, "object_id": "1", "object_repr": "FloatRequest object (1)", "action_flag": 3, "change_message": ""}}, {"model": "admin.logentry", "pk": 27, "fields": {"action_time": "2024-08-21T23:58:23.725Z", "user": 1, "content_type": 10, "object_id": "13", "object_repr": "Transaction object (13)", "action_flag": 3, "change_message": ""}}, {"model": "admin.logentry", "pk": 28, "fields": {"action_time": "2024-08-21T23:58:23.726Z", "user": 1, "content_type": 10, "object_id": "12", "object_repr": "Transaction object (12)", "action_flag": 3, "change_message": ""}}, {"model": "admin.logentry", "pk": 29, "fields": {"action_time": "2024-08-21T23:58:23.726Z", "user": 1, "content_type": 10, "object_id": "11", "object_repr": "Transaction object (11)", "action_flag": 3, "change_message": ""}}, {"model": "admin.logentry", "pk": 30, "fields": {"action_time": "2024-08-21T23:58:23.726Z", "user": 1, "content_type": 10, "object_id": "10", "object_repr": "Transaction object (10)", "action_flag": 3, "change_message": ""}}, {"model": "admin.logentry", "pk": 31, "fields": {"action_time": "2024-08-21T23:58:23.726Z", "user": 1, "content_type": 10, "object_id": "9", "object_repr": "Transaction object (9)", "action_flag": 3, "change_message": ""}}, {"model": "admin.logentry", "pk": 32, "fields": {"action_time": "2024-08-21T23:58:23.726Z", "user": 1, "content_type": 10, "object_id": "8", "object_repr": "Transaction object (8)", "action_flag": 3, "change_message": ""}}, {"model": "admin.logentry", "pk": 33, "fields": {"action_time": "2024-08-21T23:58:23.726Z", "user": 1, "content_type": 10, "object_id": "7", "object_repr": "Transaction object (7)", "action_flag": 3, "change_message": ""}}, {"model": "admin.logentry", "pk": 34, "fields": {"action_time": "2024-08-21T23:58:23.726Z", "user": 1, "content_type": 10, "object_id": "6", "object_repr": "Transaction object (6)", "action_flag": 3, "change_message": ""}}, {"model": "admin.logentry", "pk": 35, "fields": {"action_time": "2024-08-21T23:58:23.726Z", "user": 1, "content_type": 10, "object_id": "5", "object_repr": "Transaction object (5)", "action_flag": 3, "change_message": ""}}, {"model": "admin.logentry", "pk": 36, "fields": {"action_time": "2024-08-21T23:58:23.726Z", "user": 1, "content_type": 10, "object_id": "4", "object_repr": "Transaction object (4)", "action_flag": 3, "change_message": ""}}, {"model": "admin.logentry", "pk": 37, "fields": {"action_time": "2024-08-21T23:58:23.726Z", "user": 1, "content_type": 10, "object_id": "3", "object_repr": "Transaction object (3)", "action_flag": 3, "change_message": ""}}, {"model": "admin.logentry", "pk": 38, "fields": {"action_time": "2024-08-21T23:58:23.726Z", "user": 1, "content_type": 10, "object_id": "2", "object_repr": "Transaction object (2)", "action_flag": 3, "change_message": ""}}, {"model": "admin.logentry", "pk": 39, "fields": {"action_time": "2024-08-21T23:58:23.726Z", "user": 1, "content_type": 10, "object_id": "1", "object_repr": "Transaction object (1)", "action_flag": 3, "change_message": ""}}, {"model": "admin.logentry", "pk": 40, "fields": {"action_time": "2024-08-23T09:56:38.013Z", "user": 1, "content_type": 7, "object_id": "5", "object_repr": "Balance object (5)", "action_flag": 3, "change_message": ""}}, {"model": "admin.logentry", "pk": 41, "fields": {"action_time": "2024-08-23T09:56:38.014Z", "user": 1, "content_type": 7, "object_id": "4", "object_repr": "Balance object (4)", "action_flag": 3, "change_message": ""}}, {"model": "admin.logentry", "pk": 42, "fields": {"action_time": "2024-08-23T09:56:55.780Z", "user": 1, "content_type": 8, "object_id": "22", "object_repr": "CashRequest object (22)", "action_flag": 3, "change_message": ""}}, {"model": "admin.logentry", "pk": 43, "fields": {"action_time": "2024-08-23T09:56:55.780Z", "user": 1, "content_type": 8, "object_id": "21", "object_repr": "CashRequest object (21)", "action_flag": 3, "change_message": ""}}, {"model": "admin.logentry", "pk": 44, "fields": {"action_time": "2024-08-23T09:56:55.780Z", "user": 1, "content_type": 8, "object_id": "20", "object_repr": "CashRequest object (20)", "action_flag": 3, "change_message": ""}}, {"model": "admin.logentry", "pk": 45, "fields": {"action_time": "2024-08-23T09:56:55.780Z", "user": 1, "content_type": 8, "object_id": "19", "object_repr": "CashRequest object (19)", "action_flag": 3, "change_message": ""}}, {"model": "admin.logentry", "pk": 46, "fields": {"action_time": "2024-08-23T09:56:55.780Z", "user": 1, "content_type": 8, "object_id": "18", "object_repr": "CashRequest object (18)", "action_flag": 3, "change_message": ""}}, {"model": "admin.logentry", "pk": 47, "fields": {"action_time": "2024-08-23T09:56:55.781Z", "user": 1, "content_type": 8, "object_id": "17", "object_repr": "CashRequest object (17)", "action_flag": 3, "change_message": ""}}, {"model": "admin.logentry", "pk": 48, "fields": {"action_time": "2024-08-23T09:56:55.781Z", "user": 1, "content_type": 8, "object_id": "16", "object_repr": "CashRequest object (16)", "action_flag": 3, "change_message": ""}}, {"model": "admin.logentry", "pk": 49, "fields": {"action_time": "2024-08-23T09:56:55.781Z", "user": 1, "content_type": 8, "object_id": "15", "object_repr": "CashRequest object (15)", "action_flag": 3, "change_message": ""}}, {"model": "admin.logentry", "pk": 50, "fields": {"action_time": "2024-08-23T09:56:55.781Z", "user": 1, "content_type": 8, "object_id": "14", "object_repr": "CashRequest object (14)", "action_flag": 3, "change_message": ""}}, {"model": "admin.logentry", "pk": 51, "fields": {"action_time": "2024-08-23T09:57:07.790Z", "user": 1, "content_type": 9, "object_id": "12", "object_repr": "FloatRequest object (12)", "action_flag": 3, "change_message": ""}}, {"model": "admin.logentry", "pk": 52, "fields": {"action_time": "2024-08-23T09:57:07.790Z", "user": 1, "content_type": 9, "object_id": "11", "object_repr": "FloatRequest object (11)", "action_flag": 3, "change_message": ""}}, {"model": "admin.logentry", "pk": 53, "fields": {"action_time": "2024-08-23T09:57:07.791Z", "user": 1, "content_type": 9, "object_id": "10", "object_repr": "FloatRequest object (10)", "action_flag": 3, "change_message": ""}}, {"model": "admin.logentry", "pk": 54, "fields": {"action_time": "2024-08-23T09:57:07.791Z", "user": 1, "content_type": 9, "object_id": "9", "object_repr": "FloatRequest object (9)", "action_flag": 3, "change_message": ""}}, {"model": "admin.logentry", "pk": 55, "fields": {"action_time": "2024-08-23T09:57:07.791Z", "user": 1, "content_type": 9, "object_id": "8", "object_repr": "FloatRequest object (8)", "action_flag": 3, "change_message": ""}}, {"model": "admin.logentry", "pk": 56, "fields": {"action_time": "2024-08-23T09:57:07.791Z", "user": 1, "content_type": 9, "object_id": "7", "object_repr": "FloatRequest object (7)", "action_flag": 3, "change_message": ""}}, {"model": "admin.logentry", "pk": 57, "fields": {"action_time": "2024-08-23T09:57:07.791Z", "user": 1, "content_type": 9, "object_id": "6", "object_repr": "FloatRequest object (6)", "action_flag": 3, "change_message": ""}}, {"model": "admin.logentry", "pk": 58, "fields": {"action_time": "2024-08-23T09:57:07.791Z", "user": 1, "content_type": 9, "object_id": "5", "object_repr": "FloatRequest object (5)", "action_flag": 3, "change_message": ""}}, {"model": "admin.logentry", "pk": 59, "fields": {"action_time": "2024-08-23T09:57:18.852Z", "user": 1, "content_type": 10, "object_id": "34", "object_repr": "Transaction object (34)", "action_flag": 3, "change_message": ""}}, {"model": "admin.logentry", "pk": 60, "fields": {"action_time": "2024-08-23T09:57:18.853Z", "user": 1, "content_type": 10, "object_id": "33", "object_repr": "Transaction object (33)", "action_flag": 3, "change_message": ""}}, {"model": "admin.logentry", "pk": 61, "fields": {"action_time": "2024-08-23T09:57:18.853Z", "user": 1, "content_type": 10, "object_id": "32", "object_repr": "Transaction object (32)", "action_flag": 3, "change_message": ""}}, {"model": "admin.logentry", "pk": 62, "fields": {"action_time": "2024-08-23T09:57:18.854Z", "user": 1, "content_type": 10, "object_id": "31", "object_repr": "Transaction object (31)", "action_flag": 3, "change_message": ""}}, {"model": "admin.logentry", "pk": 63, "fields": {"action_time": "2024-08-23T09:57:18.854Z", "user": 1, "content_type": 10, "object_id": "30", "object_repr": "Transaction object (30)", "action_flag": 3, "change_message": ""}}, {"model": "admin.logentry", "pk": 64, "fields": {"action_time": "2024-08-23T09:57:18.855Z", "user": 1, "content_type": 10, "object_id": "29", "object_repr": "Transaction object (29)", "action_flag": 3, "change_message": ""}}, {"model": "admin.logentry", "pk": 65, "fields": {"action_time": "2024-08-23T09:57:18.855Z", "user": 1, "content_type": 10, "object_id": "28", "object_repr": "Transaction object (28)", "action_flag": 3, "change_message": ""}}, {"model": "admin.logentry", "pk": 66, "fields": {"action_time": "2024-08-23T09:57:18.855Z", "user": 1, "content_type": 10, "object_id": "27", "object_repr": "Transaction object (27)", "action_flag": 3, "change_message": ""}}, {"model": "admin.logentry", "pk": 67, "fields": {"action_time": "2024-08-23T09:57:18.855Z", "user": 1, "content_type": 10, "object_id": "26", "object_repr": "Transaction object (26)", "action_flag": 3, "change_message": ""}}, {"model": "admin.logentry", "pk": 68, "fields": {"action_time": "2024-08-23T09:57:18.855Z", "user": 1, "content_type": 10, "object_id": "25", "object_repr": "Transaction object (25)", "action_flag": 3, "change_message": ""}}, {"model": "admin.logentry", "pk": 69, "fields": {"action_time": "2024-08-23T09:57:18.856Z", "user": 1, "content_type": 10, "object_id": "24", "object_repr": "Transaction object (24)", "action_flag": 3, "change_message": ""}}, {"model": "admin.logentry", "pk": 70, "fields": {"action_time": "2024-08-23T09:57:18.856Z", "user": 1, "content_type": 10, "object_id": "23", "object_repr": "Transaction object (23)", "action_flag": 3, "change_message": ""}}, {"model": "admin.logentry", "pk": 71, "fields": {"action_time": "2024-08-23T09:57:18.857Z", "user": 1, "content_type": 10, "object_id": "22", "object_repr": "Transaction object (22)", "action_flag": 3, "change_message": ""}}, {"model": "admin.logentry", "pk": 72, "fields": {"action_time": "2024-08-23T09:57:18.857Z", "user": 1, "content_type": 10, "object_id": "21", "object_repr": "Transaction object (21)", "action_flag": 3, "change_message": ""}}, {"model": "admin.logentry", "pk": 73, "fields": {"action_time": "2024-08-23T09:57:18.859Z", "user": 1, "content_type": 10, "object_id": "20", "object_repr": "Transaction object (20)", "action_flag": 3, "change_message": ""}}, {"model": "admin.logentry", "pk": 74, "fields": {"action_time": "2024-08-23T09:57:18.859Z", "user": 1, "content_type": 10, "object_id": "19", "object_repr": "Transaction object (19)", "action_flag": 3, "change_message": ""}}, {"model": "admin.logentry", "pk": 75, "fields": {"action_time": "2024-08-23T09:57:18.859Z", "user": 1, "content_type": 10, "object_id": "18", "object_repr": "Transaction object (18)", "action_flag": 3, "change_message": ""}}, {"model": "admin.logentry", "pk": 76, "fields": {"action_time": "2024-08-23T09:57:18.859Z", "user": 1, "content_type": 10, "object_id": "17", "object_repr": "Transaction object (17)", "action_flag": 3, "change_message": ""}}, {"model": "admin.logentry", "pk": 77, "fields": {"action_time": "2024-08-23T09:57:18.860Z", "user": 1, "content_type": 10, "object_id": "16", "object_repr": "Transaction object (16)", "action_flag": 3, "change_message": ""}}, {"model": "admin.logentry", "pk": 78, "fields": {"action_time": "2024-08-23T09:57:18.860Z", "user": 1, "content_type": 10, "object_id": "15", "object_repr": "Transaction object (15)", "action_flag": 3, "change_message": ""}}, {"model": "admin.logentry", "pk": 79, "fields": {"action_time": "2024-08-23T09:57:18.860Z", "user": 1, "content_type": 10, "object_id": "14", "object_repr": "Transaction object (14)", "action_flag": 3, "change_message": ""}}, {"model": "admin.logentry", "pk": 80, "fields": {"action_time": "2024-08-24T03:17:58.580Z", "user": 1, "content_type": 7, "object_id": "7", "object_repr": "Balance object (7)", "action_flag": 3, "change_message": ""}}, {"model": "admin.logentry", "pk": 81, "fields": {"action_time": "2024-08-24T03:17:58.580Z", "user": 1, "content_type": 7, "object_id": "6", "object_repr": "Balance object (6)", "action_flag": 3, "change_message": ""}}, {"model": "admin.logentry", "pk": 82, "fields": {"action_time": "2024-08-24T03:18:14.435Z", "user": 1, "content_type": 8, "object_id": "26", "object_repr": "CashRequest object (26)", "action_flag": 3, "change_message": ""}}, {"model": "admin.logentry", "pk": 83, "fields": {"action_time": "2024-08-24T03:18:14.435Z", "user": 1, "content_type": 8, "object_id": "25", "object_repr": "CashRequest object (25)", "action_flag": 3, "change_message": ""}}, {"model": "admin.logentry", "pk": 84, "fields": {"action_time": "2024-08-24T03:18:14.435Z", "user": 1, "content_type": 8, "object_id": "24", "object_repr": "CashRequest object (24)", "action_flag": 3, "change_message": ""}}, {"model": "admin.logentry", "pk": 85, "fields": {"action_time": "2024-08-24T03:18:14.435Z", "user": 1, "content_type": 8, "object_id": "23", "object_repr": "CashRequest object (23)", "action_flag": 3, "change_message": ""}}, {"model": "admin.logentry", "pk": 86, "fields": {"action_time": "2024-08-24T03:18:33.928Z", "user": 1, "content_type": 10, "object_id": "45", "object_repr": "Transaction object (45)", "action_flag": 3, "change_message": ""}}, {"model": "admin.logentry", "pk": 87, "fields": {"action_time": "2024-08-24T03:18:33.928Z", "user": 1, "content_type": 10, "object_id": "44", "object_repr": "Transaction object (44)", "action_flag": 3, "change_message": ""}}, {"model": "admin.logentry", "pk": 88, "fields": {"action_time": "2024-08-24T03:18:33.928Z", "user": 1, "content_type": 10, "object_id": "43", "object_repr": "Transaction object (43)", "action_flag": 3, "change_message": ""}}, {"model": "admin.logentry", "pk": 89, "fields": {"action_time": "2024-08-24T03:18:33.928Z", "user": 1, "content_type": 10, "object_id": "42", "object_repr": "Transaction object (42)", "action_flag": 3, "change_message": ""}}, {"model": "admin.logentry", "pk": 90, "fields": {"action_time": "2024-08-24T03:18:33.928Z", "user": 1, "content_type": 10, "object_id": "41", "object_repr": "Transaction object (41)", "action_flag": 3, "change_message": ""}}, {"model": "admin.logentry", "pk": 91, "fields": {"action_time": "2024-08-24T03:18:33.928Z", "user": 1, "content_type": 10, "object_id": "40", "object_repr": "Transaction object (40)", "action_flag": 3, "change_message": ""}}, {"model": "admin.logentry", "pk": 92, "fields": {"action_time": "2024-08-24T03:18:33.928Z", "user": 1, "content_type": 10, "object_id": "39", "object_repr": "Transaction object (39)", "action_flag": 3, "change_message": ""}}, {"model": "admin.logentry", "pk": 93, "fields": {"action_time": "2024-08-24T03:18:33.928Z", "user": 1, "content_type": 10, "object_id": "38", "object_repr": "Transaction object (38)", "action_flag": 3, "change_message": ""}}, {"model": "admin.logentry", "pk": 94, "fields": {"action_time": "2024-08-24T03:18:33.928Z", "user": 1, "content_type": 10, "object_id": "37", "object_repr": "Transaction object (37)", "action_flag": 3, "change_message": ""}}, {"model": "admin.logentry", "pk": 95, "fields": {"action_time": "2024-08-24T03:18:33.928Z", "user": 1, "content_type": 10, "object_id": "36", "object_repr": "Transaction object (36)", "action_flag": 3, "change_message": ""}}, {"model": "admin.logentry", "pk": 96, "fields": {"action_time": "2024-08-24T03:18:33.928Z", "user": 1, "content_type": 10, "object_id": "35", "object_repr": "Transaction object (35)", "action_flag": 3, "change_message": ""}}, {"model": "admin.logentry", "pk": 97, "fields": {"action_time": "2024-08-24T06:28:09.629Z", "user": 1, "content_type": 7, "object_id": "8", "object_repr": "Balance object (8)", "action_flag": 3, "change_message": ""}}, {"model": "admin.logentry", "pk": 98, "fields": {"action_time": "2024-08-24T06:28:32.702Z", "user": 1, "content_type": 8, "object_id": "27", "object_repr": "CashRequest object (27)", "action_flag": 3, "change_message": ""}}, {"model": "admin.logentry", "pk": 99, "fields": {"action_time": "2024-08-24T06:28:57.736Z", "user": 1, "content_type": 10, "object_id": "46", "object_repr": "Transaction object (46)", "action_flag": 3, "change_message": ""}}, {"model": "admin.logentry", "pk": 100, "fields": {"action_time": "2024-08-24T07:59:28.985Z", "user": 1, "content_type": 7, "object_id": "10", "object_repr": "Balance object (10)", "action_flag": 3, "change_message": ""}}, {"model": "admin.logentry", "pk": 101, "fields": {"action_time": "2024-08-24T07:59:28.985Z", "user": 1, "content_type": 7, "object_id": "9", "object_repr": "Balance object (9)", "action_flag": 3, "change_message": ""}}, {"model": "admin.logentry", "pk": 102, "fields": {"action_time": "2024-08-24T07:59:43.648Z", "user": 1, "content_type": 8, "object_id": "29", "object_repr": "CashRequest object (29)", "action_flag": 3, "change_message": ""}}, {"model": "admin.logentry", "pk": 103, "fields": {"action_time": "2024-08-24T07:59:43.648Z", "user": 1, "content_type": 8, "object_id": "28", "object_repr": "CashRequest object (28)", "action_flag": 3, "change_message": ""}}, {"model": "admin.logentry", "pk": 104, "fields": {"action_time": "2024-08-24T07:59:57.502Z", "user": 1, "content_type": 10, "object_id": "48", "object_repr": "Transaction object (48)", "action_flag": 3, "change_message": ""}}, {"model": "admin.logentry", "pk": 105, "fields": {"action_time": "2024-08-24T07:59:57.502Z", "user": 1, "content_type": 10, "object_id": "47", "object_repr": "Transaction object (47)", "action_flag": 3, "change_message": ""}}, {"model": "admin.logentry", "pk": 106, "fields": {"action_time": "2024-08-24T09:02:42.800Z", "user": 1, "content_type": 7, "object_id": "11", "object_repr": "Balance object (11)", "action_flag": 3, "change_message": ""}}, {"model": "admin.logentry", "pk": 107, "fields": {"action_time": "2024-08-24T09:03:03.777Z", "user": 1, "content_type": 8, "object_id": "30", "object_repr": "CashRequest object (30)", "action_flag": 3, "change_message": ""}}, {"model": "admin.logentry", "pk": 108, "fields": {"action_time": "2024-08-24T09:03:19.828Z", "user": 1, "content_type": 10, "object_id": "50", "object_repr": "Transaction object (50)", "action_flag": 3, "change_message": ""}}, {"model": "admin.logentry", "pk": 109, "fields": {"action_time": "2024-08-24T09:03:19.828Z", "user": 1, "content_type": 10, "object_id": "49", "object_repr": "Transaction object (49)", "action_flag": 3, "change_message": ""}}, {"model": "admin.logentry", "pk": 110, "fields": {"action_time": "2024-08-26T05:51:10.232Z", "user": 1, "content_type": 7, "object_id": "14", "object_repr": "Balance object (14)", "action_flag": 3, "change_message": ""}}, {"model": "admin.logentry", "pk": 111, "fields": {"action_time": "2024-08-26T05:51:10.232Z", "user": 1, "content_type": 7, "object_id": "13", "object_repr": "Balance object (13)", "action_flag": 3, "change_message": ""}}, {"model": "admin.logentry", "pk": 112, "fields": {"action_time": "2024-08-26T05:51:10.232Z", "user": 1, "content_type": 7, "object_id": "12", "object_repr": "Balance object (12)", "action_flag": 3, "change_message": ""}}, {"model": "admin.logentry", "pk": 113, "fields": {"action_time": "2024-08-26T05:51:29.284Z", "user": 1, "content_type": 8, "object_id": "44", "object_repr": "CashRequest object (44)", "action_flag": 3, "change_message": ""}}, {"model": "admin.logentry", "pk": 114, "fields": {"action_time": "2024-08-26T05:51:29.284Z", "user": 1, "content_type": 8, "object_id": "43", "object_repr": "CashRequest object (43)", "action_flag": 3, "change_message": ""}}, {"model": "admin.logentry", "pk": 115, "fields": {"action_time": "2024-08-26T05:51:29.284Z", "user": 1, "content_type": 8, "object_id": "42", "object_repr": "CashRequest object (42)", "action_flag": 3, "change_message": ""}}, {"model": "admin.logentry", "pk": 116, "fields": {"action_time": "2024-08-26T05:51:29.284Z", "user": 1, "content_type": 8, "object_id": "41", "object_repr": "CashRequest object (41)", "action_flag": 3, "change_message": ""}}, {"model": "admin.logentry", "pk": 117, "fields": {"action_time": "2024-08-26T05:51:29.284Z", "user": 1, "content_type": 8, "object_id": "40", "object_repr": "CashRequest object (40)", "action_flag": 3, "change_message": ""}}, {"model": "admin.logentry", "pk": 118, "fields": {"action_time": "2024-08-26T05:51:29.284Z", "user": 1, "content_type": 8, "object_id": "39", "object_repr": "CashRequest object (39)", "action_flag": 3, "change_message": ""}}, {"model": "admin.logentry", "pk": 119, "fields": {"action_time": "2024-08-26T05:51:29.284Z", "user": 1, "content_type": 8, "object_id": "38", "object_repr": "CashRequest object (38)", "action_flag": 3, "change_message": ""}}, {"model": "admin.logentry", "pk": 120, "fields": {"action_time": "2024-08-26T05:51:29.285Z", "user": 1, "content_type": 8, "object_id": "37", "object_repr": "CashRequest object (37)", "action_flag": 3, "change_message": ""}}, {"model": "admin.logentry", "pk": 121, "fields": {"action_time": "2024-08-26T05:51:29.285Z", "user": 1, "content_type": 8, "object_id": "36", "object_repr": "CashRequest object (36)", "action_flag": 3, "change_message": ""}}, {"model": "admin.logentry", "pk": 122, "fields": {"action_time": "2024-08-26T05:51:29.285Z", "user": 1, "content_type": 8, "object_id": "35", "object_repr": "CashRequest object (35)", "action_flag": 3, "change_message": ""}}, {"model": "admin.logentry", "pk": 123, "fields": {"action_time": "2024-08-26T05:51:29.285Z", "user": 1, "content_type": 8, "object_id": "34", "object_repr": "CashRequest object (34)", "action_flag": 3, "change_message": ""}}, {"model": "admin.logentry", "pk": 124, "fields": {"action_time": "2024-08-26T05:51:29.285Z", "user": 1, "content_type": 8, "object_id": "33", "object_repr": "CashRequest object (33)", "action_flag": 3, "change_message": ""}}, {"model": "admin.logentry", "pk": 125, "fields": {"action_time": "2024-08-26T05:51:29.285Z", "user": 1, "content_type": 8, "object_id": "32", "object_repr": "CashRequest object (32)", "action_flag": 3, "change_message": ""}}, {"model": "admin.logentry", "pk": 126, "fields": {"action_time": "2024-08-26T05:51:29.285Z", "user": 1, "content_type": 8, "object_id": "31", "object_repr": "CashRequest object (31)", "action_flag": 3, "change_message": ""}}, {"model": "admin.logentry", "pk": 127, "fields": {"action_time": "2024-08-26T05:51:49.134Z", "user": 1, "content_type": 10, "object_id": "76", "object_repr": "Transaction object (76)", "action_flag": 3, "change_message": ""}}, {"model": "admin.logentry", "pk": 128, "fields": {"action_time": "2024-08-26T05:51:49.134Z", "user": 1, "content_type": 10, "object_id": "75", "object_repr": "Transaction object (75)", "action_flag": 3, "change_message": ""}}, {"model": "admin.logentry", "pk": 129, "fields": {"action_time": "2024-08-26T05:51:49.134Z", "user": 1, "content_type": 10, "object_id": "74", "object_repr": "Transaction object (74)", "action_flag": 3, "change_message": ""}}, {"model": "admin.logentry", "pk": 130, "fields": {"action_time": "2024-08-26T05:51:49.134Z", "user": 1, "content_type": 10, "object_id": "73", "object_repr": "Transaction object (73)", "action_flag": 3, "change_message": ""}}, {"model": "admin.logentry", "pk": 131, "fields": {"action_time": "2024-08-26T05:51:49.134Z", "user": 1, "content_type": 10, "object_id": "72", "object_repr": "Transaction object (72)", "action_flag": 3, "change_message": ""}}, {"model": "admin.logentry", "pk": 132, "fields": {"action_time": "2024-08-26T05:51:49.134Z", "user": 1, "content_type": 10, "object_id": "71", "object_repr": "Transaction object (71)", "action_flag": 3, "change_message": ""}}, {"model": "admin.logentry", "pk": 133, "fields": {"action_time": "2024-08-26T05:51:49.134Z", "user": 1, "content_type": 10, "object_id": "70", "object_repr": "Transaction object (70)", "action_flag": 3, "change_message": ""}}, {"model": "admin.logentry", "pk": 134, "fields": {"action_time": "2024-08-26T05:51:49.134Z", "user": 1, "content_type": 10, "object_id": "69", "object_repr": "Transaction object (69)", "action_flag": 3, "change_message": ""}}, {"model": "admin.logentry", "pk": 135, "fields": {"action_time": "2024-08-26T05:51:49.134Z", "user": 1, "content_type": 10, "object_id": "68", "object_repr": "Transaction object (68)", "action_flag": 3, "change_message": ""}}, {"model": "admin.logentry", "pk": 136, "fields": {"action_time": "2024-08-26T05:51:49.134Z", "user": 1, "content_type": 10, "object_id": "67", "object_repr": "Transaction object (67)", "action_flag": 3, "change_message": ""}}, {"model": "admin.logentry", "pk": 137, "fields": {"action_time": "2024-08-26T05:51:49.134Z", "user": 1, "content_type": 10, "object_id": "66", "object_repr": "Transaction object (66)", "action_flag": 3, "change_message": ""}}, {"model": "admin.logentry", "pk": 138, "fields": {"action_time": "2024-08-26T05:51:49.134Z", "user": 1, "content_type": 10, "object_id": "65", "object_repr": "Transaction object (65)", "action_flag": 3, "change_message": ""}}, {"model": "admin.logentry", "pk": 139, "fields": {"action_time": "2024-08-26T05:51:49.134Z", "user": 1, "content_type": 10, "object_id": "64", "object_repr": "Transaction object (64)", "action_flag": 3, "change_message": ""}}, {"model": "admin.logentry", "pk": 140, "fields": {"action_time": "2024-08-26T05:51:49.134Z", "user": 1, "content_type": 10, "object_id": "63", "object_repr": "Transaction object (63)", "action_flag": 3, "change_message": ""}}, {"model": "admin.logentry", "pk": 141, "fields": {"action_time": "2024-08-26T05:51:49.134Z", "user": 1, "content_type": 10, "object_id": "62", "object_repr": "Transaction object (62)", "action_flag": 3, "change_message": ""}}, {"model": "admin.logentry", "pk": 142, "fields": {"action_time": "2024-08-26T05:51:49.134Z", "user": 1, "content_type": 10, "object_id": "61", "object_repr": "Transaction object (61)", "action_flag": 3, "change_message": ""}}, {"model": "admin.logentry", "pk": 143, "fields": {"action_time": "2024-08-26T05:51:49.134Z", "user": 1, "content_type": 10, "object_id": "60", "object_repr": "Transaction object (60)", "action_flag": 3, "change_message": ""}}, {"model": "admin.logentry", "pk": 144, "fields": {"action_time": "2024-08-26T05:51:49.134Z", "user": 1, "content_type": 10, "object_id": "59", "object_repr": "Transaction object (59)", "action_flag": 3, "change_message": ""}}, {"model": "admin.logentry", "pk": 145, "fields": {"action_time": "2024-08-26T05:51:49.134Z", "user": 1, "content_type": 10, "object_id": "58", "object_repr": "Transaction object (58)", "action_flag": 3, "change_message": ""}}, {"model": "admin.logentry", "pk": 146, "fields": {"action_time": "2024-08-26T05:51:49.134Z", "user": 1, "content_type": 10, "object_id": "57", "object_repr": "Transaction object (57)", "action_flag": 3, "change_message": ""}}, {"model": "admin.logentry", "pk": 147, "fields": {"action_time": "2024-08-26T05:51:49.134Z", "user": 1, "content_type": 10, "object_id": "56", "object_repr": "Transaction object (56)", "action_flag": 3, "change_message": ""}}, {"model": "admin.logentry", "pk": 148, "fields": {"action_time": "2024-08-26T05:51:49.134Z", "user": 1, "content_type": 10, "object_id": "55", "object_repr": "Transaction object (55)", "action_flag": 3, "change_message": ""}}, {"model": "admin.logentry", "pk": 149, "fields": {"action_time": "2024-08-26T05:51:49.134Z", "user": 1, "content_type": 10, "object_id": "54", "object_repr": "Transaction object (54)", "action_flag": 3, "change_message": ""}}, {"model": "admin.logentry", "pk": 150, "fields": {"action_time": "2024-08-26T05:51:49.134Z", "user": 1, "content_type": 10, "object_id": "53", "object_repr": "Transaction object (53)", "action_flag": 3, "change_message": ""}}, {"model": "admin.logentry", "pk": 151, "fields": {"action_time": "2024-08-26T05:51:49.134Z", "user": 1, "content_type": 10, "object_id": "52", "object_repr": "Transaction object (52)", "action_flag": 3, "change_message": ""}}, {"model": "admin.logentry", "pk": 152, "fields": {"action_time": "2024-08-26T05:51:49.134Z", "user": 1, "content_type": 10, "object_id": "51", "object_repr": "Transaction object (51)", "action_flag": 3, "change_message": ""}}, {"model": "admin.logentry", "pk": 153, "fields": {"action_time": "2024-08-26T07:36:31.185Z", "user": 1, "content_type": 7, "object_id": "16", "object_repr": "Balance object (16)", "action_flag": 3, "change_message": ""}}, {"model": "admin.logentry", "pk": 154, "fields": {"action_time": "2024-08-26T07:36:31.185Z", "user": 1, "content_type": 7, "object_id": "15", "object_repr": "Balance object (15)", "action_flag": 3, "change_message": ""}}, {"model": "admin.logentry", "pk": 155, "fields": {"action_time": "2024-08-26T07:36:42.102Z", "user": 1, "content_type": 8, "object_id": "46", "object_repr": "CashRequest object (46)", "action_flag": 3, "change_message": ""}}, {"model": "admin.logentry", "pk": 156, "fields": {"action_time": "2024-08-26T07:36:42.103Z", "user": 1, "content_type": 8, "object_id": "45", "object_repr": "CashRequest object (45)", "action_flag": 3, "change_message": ""}}, {"model": "admin.logentry", "pk": 157, "fields": {"action_time": "2024-08-26T07:37:12.022Z", "user": 1, "content_type": 10, "object_id": "78", "object_repr": "Transaction object (78)", "action_flag": 3, "change_message": ""}}, {"model": "admin.logentry", "pk": 158, "fields": {"action_time": "2024-08-26T07:37:12.022Z", "user": 1, "content_type": 10, "object_id": "77", "object_repr": "Transaction object (77)", "action_flag": 3, "change_message": ""}}, {"model": "admin.logentry", "pk": 159, "fields": {"action_time": "2024-08-26T23:40:46.481Z", "user": 1, "content_type": 17, "object_id": "1", "object_repr": "plates", "action_flag": 1, "change_message": "[{\"added\": {}}]"}}, {"model": "admin.logentry", "pk": 160, "fields": {"action_time": "2024-08-27T22:41:37.352Z", "user": 1, "content_type": 17, "object_id": "2", "object_repr": "Shoes", "action_flag": 1, "change_message": "[{\"added\": {}}]"}}, {"model": "admin.logentry", "pk": 161, "fields": {"action_time": "2024-08-28T04:56:17.812Z", "user": 1, "content_type": 17, "object_id": "3", "object_repr": "spoons", "action_flag": 1, "change_message": "[{\"added\": {}}]"}}, {"model": "auth.permission", "pk": 1, "fields": {"name": "Can add log entry", "content_type": 1, "codename": "add_logentry"}}, {"model": "auth.permission", "pk": 2, "fields": {"name": "Can change log entry", "content_type": 1, "codename": "change_logentry"}}, {"model": "auth.permission", "pk": 3, "fields": {"name": "Can delete log entry", "content_type": 1, "codename": "delete_logentry"}}, {"model": "auth.permission", "pk": 4, "fields": {"name": "Can view log entry", "content_type": 1, "codename": "view_logentry"}}, {"model": "auth.permission", "pk": 5, "fields": {"name": "Can add permission", "content_type": 2, "codename": "add_permission"}}, {"model": "auth.permission", "pk": 6, "fields": {"name": "Can change permission", "content_type": 2, "codename": "change_permission"}}, {"model": "auth.permission", "pk": 7, "fields": {"name": "Can delete permission", "content_type": 2, "codename": "delete_permission"}}, {"model": "auth.permission", "pk": 8, "fields": {"name": "Can view permission", "content_type": 2, "codename": "view_permission"}}, {"model": "auth.permission", "pk": 9, "fields": {"name": "Can add group", "content_type": 3, "codename": "add_group"}}, {"model": "auth.permission", "pk": 10, "fields": {"name": "Can change group", "content_type": 3, "codename": "change_group"}}, {"model": "auth.permission", "pk": 11, "fields": {"name": "Can delete group", "content_type": 3, "codename": "delete_group"}}, {"model": "auth.permission", "pk": 12, "fields": {"name": "Can view group", "content_type": 3, "codename": "view_group"}}, {"model": "auth.permission", "pk": 13, "fields": {"name": "Can add content type", "content_type": 4, "codename": "add_contenttype"}}, {"model": "auth.permission", "pk": 14, "fields": {"name": "Can change content type", "content_type": 4, "codename": "change_contenttype"}}, {"model": "auth.permission", "pk": 15, "fields": {"name": "Can delete content type", "content_type": 4, "codename": "delete_contenttype"}}, {"model": "auth.permission", "pk": 16, "fields": {"name": "Can view content type", "content_type": 4, "codename": "view_contenttype"}}, {"model": "auth.permission", "pk": 17, "fields": {"name": "Can add session", "content_type": 5, "codename": "add_session"}}, {"model": "auth.permission", "pk": 18, "fields": {"name": "Can change session", "content_type": 5, "codename": "change_session"}}, {"model": "auth.permission", "pk": 19, "fields": {"name": "Can delete session", "content_type": 5, "codename": "delete_session"}}, {"model": "auth.permission", "pk": 20, "fields": {"name": "Can view session", "content_type": 5, "codename": "view_session"}}, {"model": "auth.permission", "pk": 21, "fields": {"name": "Can add user", "content_type": 6, "codename": "add_customuser"}}, {"model": "auth.permission", "pk": 22, "fields": {"name": "Can change user", "content_type": 6, "codename": "change_customuser"}}, {"model": "auth.permission", "pk": 23, "fields": {"name": "Can delete user", "content_type": 6, "codename": "delete_customuser"}}, {"model": "auth.permission", "pk": 24, "fields": {"name": "Can view user", "content_type": 6, "codename": "view_customuser"}}, {"model": "auth.permission", "pk": 25, "fields": {"name": "Can add balance", "content_type": 7, "codename": "add_balance"}}, {"model": "auth.permission", "pk": 26, "fields": {"name": "Can change balance", "content_type": 7, "codename": "change_balance"}}, {"model": "auth.permission", "pk": 27, "fields": {"name": "Can delete balance", "content_type": 7, "codename": "delete_balance"}}, {"model": "auth.permission", "pk": 28, "fields": {"name": "Can view balance", "content_type": 7, "codename": "view_balance"}}, {"model": "auth.permission", "pk": 29, "fields": {"name": "Can add cash request", "content_type": 8, "codename": "add_cashrequest"}}, {"model": "auth.permission", "pk": 30, "fields": {"name": "Can change cash request", "content_type": 8, "codename": "change_cashrequest"}}, {"model": "auth.permission", "pk": 31, "fields": {"name": "Can delete cash request", "content_type": 8, "codename": "delete_cashrequest"}}, {"model": "auth.permission", "pk": 32, "fields": {"name": "Can view cash request", "content_type": 8, "codename": "view_cashrequest"}}, {"model": "auth.permission", "pk": 33, "fields": {"name": "Can add float request", "content_type": 9, "codename": "add_floatrequest"}}, {"model": "auth.permission", "pk": 34, "fields": {"name": "Can change float request", "content_type": 9, "codename": "change_floatrequest"}}, {"model": "auth.permission", "pk": 35, "fields": {"name": "Can delete float request", "content_type": 9, "codename": "delete_floatrequest"}}, {"model": "auth.permission", "pk": 36, "fields": {"name": "Can view float request", "content_type": 9, "codename": "view_floatrequest"}}, {"model": "auth.permission", "pk": 37, "fields": {"name": "Can add transaction", "content_type": 10, "codename": "add_transaction"}}, {"model": "auth.permission", "pk": 38, "fields": {"name": "Can change transaction", "content_type": 10, "codename": "change_transaction"}}, {"model": "auth.permission", "pk": 39, "fields": {"name": "Can delete transaction", "content_type": 10, "codename": "delete_transaction"}}, {"model": "auth.permission", "pk": 40, "fields": {"name": "Can view transaction", "content_type": 10, "codename": "view_transaction"}}, {"model": "auth.permission", "pk": 41, "fields": {"name": "Can add cashout request", "content_type": 11, "codename": "add_cashoutrequest"}}, {"model": "auth.permission", "pk": 42, "fields": {"name": "Can change cashout request", "content_type": 11, "codename": "change_cashoutrequest"}}, {"model": "auth.permission", "pk": 43, "fields": {"name": "Can delete cashout request", "content_type": 11, "codename": "delete_cashoutrequest"}}, {"model": "auth.permission", "pk": 44, "fields": {"name": "Can view cashout request", "content_type": 11, "codename": "view_cashoutrequest"}}, {"model": "auth.permission", "pk": 45, "fields": {"name": "Can add cart item", "content_type": 12, "codename": "add_cartitem"}}, {"model": "auth.permission", "pk": 46, "fields": {"name": "Can change cart item", "content_type": 12, "codename": "change_cartitem"}}, {"model": "auth.permission", "pk": 47, "fields": {"name": "Can delete cart item", "content_type": 12, "codename": "delete_cartitem"}}, {"model": "auth.permission", "pk": 48, "fields": {"name": "Can view cart item", "content_type": 12, "codename": "view_cartitem"}}, {"model": "auth.permission", "pk": 49, "fields": {"name": "Can add order", "content_type": 13, "codename": "add_order"}}, {"model": "auth.permission", "pk": 50, "fields": {"name": "Can change order", "content_type": 13, "codename": "change_order"}}, {"model": "auth.permission", "pk": 51, "fields": {"name": "Can delete order", "content_type": 13, "codename": "delete_order"}}, {"model": "auth.permission", "pk": 52, "fields": {"name": "Can view order", "content_type": 13, "codename": "view_order"}}, {"model": "auth.permission", "pk": 53, "fields": {"name": "Can add invoice", "content_type": 14, "codename": "add_invoice"}}, {"model": "auth.permission", "pk": 54, "fields": {"name": "Can change invoice", "content_type": 14, "codename": "change_invoice"}}, {"model": "auth.permission", "pk": 55, "fields": {"name": "Can delete invoice", "content_type": 14, "codename": "delete_invoice"}}, {"model": "auth.permission", "pk": 56, "fields": {"name": "Can view invoice", "content_type": 14, "codename": "view_invoice"}}, {"model": "auth.permission", "pk": 57, "fields": {"name": "Can add cart", "content_type": 15, "codename": "add_cart"}}, {"model": "auth.permission", "pk": 58, "fields": {"name": "Can change cart", "content_type": 15, "codename": "change_cart"}}, {"model": "auth.permission", "pk": 59, "fields": {"name": "Can delete cart", "content_type": 15, "codename": "delete_cart"}}, {"model": "auth.permission", "pk": 60, "fields": {"name": "Can view cart", "content_type": 15, "codename": "view_cart"}}, {"model": "auth.permission", "pk": 61, "fields": {"name": "Can add refund", "content_type": 16, "codename": "add_refund"}}, {"model": "auth.permission", "pk": 62, "fields": {"name": "Can change refund", "content_type": 16, "codename": "change_refund"}}, {"model": "auth.permission", "pk": 63, "fields": {"name": "Can delete refund", "content_type": 16, "codename": "delete_refund"}}, {"model": "auth.permission", "pk": 64, "fields": {"name": "Can view refund", "content_type": 16, "codename": "view_refund"}}, {"model": "auth.permission", "pk": 65, "fields": {"name": "Can add product", "content_type": 17, "codename": "add_product"}}, {"model": "auth.permission", "pk": 66, "fields": {"name": "Can change product", "content_type": 17, "codename": "change_product"}}, {"model": "auth.permission", "pk": 67, "fields": {"name": "Can delete product", "content_type": 17, "codename": "delete_product"}}, {"model": "auth.permission", "pk": 68, "fields": {"name": "Can view product", "content_type": 17, "codename": "view_product"}}, {"model": "auth.permission", "pk": 69, "fields": {"name": "Can add order item", "content_type": 18, "codename": "add_orderitem"}}, {"model": "auth.permission", "pk": 70, "fields": {"name": "Can change order item", "content_type": 18, "codename": "change_orderitem"}}, {"model": "auth.permission", "pk": 71, "fields": {"name": "Can delete order item", "content_type": 18, "codename": "delete_orderitem"}}, {"model": "auth.permission", "pk": 72, "fields": {"name": "Can view order item", "content_type": 18, "codename": "view_orderitem"}}, {"model": "contenttypes.contenttype", "pk": 1, "fields": {"app_label": "admin", "model": "logentry"}}, {"model": "contenttypes.contenttype", "pk": 2, "fields": {"app_label": "auth", "model": "permission"}}, {"model": "contenttypes.contenttype", "pk": 3, "fields": {"app_label": "auth", "model": "group"}}, {"model": "contenttypes.contenttype", "pk": 4, "fields": {"app_label": "contenttypes", "model": "contenttype"}}, {"model": "contenttypes.contenttype", "pk": 5, "fields": {"app_label": "sessions", "model": "session"}}, {"model": "contenttypes.contenttype", "pk": 6, "fields": {"app_label": "users", "model": "customuser"}}, {"model": "contenttypes.contenttype", "pk": 7, "fields": {"app_label": "mma", "model": "balance"}}, {"model": "contenttypes.contenttype", "pk": 8, "fields": {"app_label": "mma", "model": "cashrequest"}}, {"model": "contenttypes.contenttype", "pk": 9, "fields": {"app_label": "mma", "model": "floatrequest"}}, {"model": "contenttypes.contenttype", "pk": 10, "fields": {"app_label": "mma", "model": "transaction"}}, {"model": "contenttypes.contenttype", "pk": 11, "fields": {"app_label": "mma", "model": "cashoutrequest"}}, {"model": "contenttypes.contenttype", "pk": 12, "fields": {"app_label": "mma", "model": "cartitem"}}, {"model": "contenttypes.contenttype", "pk": 13, "fields": {"app_label": "mma", "model": "order"}}, {"model": "contenttypes.contenttype", "pk": 14, "fields": {"app_label": "mma", "model": "invoice"}}, {"model": "contenttypes.contenttype", "pk": 15, "fields": {"app_label": "mma", "model": "cart"}}, {"model": "contenttypes.contenttype", "pk": 16, "fields": {"app_label": "mma", "model": "refund"}}, {"model": "contenttypes.contenttype", "pk": 17, "fields": {"app_label": "mma", "model": "product"}}, {"model": "contenttypes.contenttype", "pk": 18, "fields": {"app_label": "mma", "model": "orderitem"}}, {"model": "sessions.session", "pk": "0cmptlia2tznh8zcbvpddsoo8f5n33ew", "fields": {"session_data": ".eJxVjMEOwiAQRP-FsyGwpVA8eu83kIVdpWogKe3J-O9K0oOeJpn3Zl4i4L7lsDdew0LiLLQ4_XYR04NLB3THcqsy1bKtS5RdkQdtcq7Ez8vh_h1kbLmvh-iuBqc4kYfRK2JMCQi10kDJgyFvRusIeSAA675plWYy7Lx1QOL9AfurODI:1shifo:bm6_XsUZhYcjlNDc6V0Ix7YeqhvBxPU_CyButyB2bic", "expire_date": "2024-09-07T04:46:48.872Z"}}, {"model": "sessions.session", "pk": "0yjk4o2i89mu1vm3omn47lv2u6g8rs1i", "fields": {"session_data": ".eJxVjMEOwiAQRP-FsyGwpVA8eu83kIVdpWogKe3J-O9K0oOeJpn3Zl4i4L7lsDdew0LiLLQ4_XYR04NLB3THcqsy1bKtS5RdkQdtcq7Ez8vh_h1kbLmvh-iuBqc4kYfRK2JMCQi10kDJgyFvRusIeSAA675plWYy7Lx1QOL9AfurODI:1shwSz:mJuE8XJGIrm4gUYacAIlylO-tcHlrClAru6r6Hkzjhk", "expire_date": "2024-09-07T19:30:29.532Z"}}, {"model": "sessions.session", "pk": "87nv6n1g0a5e6mub3713ckbj059xhmw7", "fields": {"session_data": ".eJxVjDEOwjAMRe-SGUVuTELKyM4ZKsexSQGlUtNOiLtDpQ6w_vfef5mB1qUMa5N5GLM5GzSH3y0RP6RuIN-p3ibLU13mMdlNsTtt9jpleV529--gUCvf2nXoe1WJhOQYfSDUFCiePEcNvgcUAQJ1CsEBx85nJlJElABHYPP-AOa7N-8:1shUKX:HEw-srQ3UxNcK2dLonQNOecTnSvPbo9A7J7NSLa4N5U", "expire_date": "2024-09-06T13:27:53.989Z"}}, {"model": "sessions.session", "pk": "9yo1czlb50hnxfsk84ztpdkyvd0t2ldq", "fields": {"session_data": ".eJxVjMEOwiAQRP-FsyGwpVA8eu83kIVdpWogKe3J-O9K0oOeJpn3Zl4i4L7lsDdew0LiLLQ4_XYR04NLB3THcqsy1bKtS5RdkQdtcq7Ez8vh_h1kbLmvh-iuBqc4kYfRK2JMCQi10kDJgyFvRusIeSAA675plWYy7Lx1QOL9AfurODI:1shla6:A1Z96QEDuD31AgH0hI-BVz2F46edrFuA2l0fVJvKax4", "expire_date": "2024-09-07T07:53:06.500Z"}}, {"model": "sessions.session", "pk": "c77cteml2mnzi8ckkxc80d2lcejv470b", "fields": {"session_data": ".eJxVjEEOwiAQRe_C2hCgNA4u3XsGMswMUjWQlHbVeHdt0oVu_3vvbyriupS4dpnjxOqivDr9bgnpKXUH_MB6b5paXeYp6V3RB-361lhe18P9OyjYy7ceQrYBvRGTzllICMQROzeCFabkfOYMAMQICMYlb1Ie7Dg4LzkECOr9AQ0rOKI:1siRXh:UBc_8oyZUAcrHCeX2V-aOHXlIAyJ-8X-v87UolWHzJE", "expire_date": "2024-09-09T04:41:25.026Z"}}, {"model": "sessions.session", "pk": "gfyjz9934xi0ltiywsijs7ty0ut3lg0n", "fields": {"session_data": "e30:1sg0Ry:_hCG-HO8q2JBdBvDYM_Mvx-V7kaMDOhAZ4G8y01MboM", "expire_date": "2024-09-02T11:21:26.851Z"}}, {"model": "sessions.session", "pk": "za5iu5ql7gwajusr8qx5up1xinueuw06", "fields": {"session_data": ".eJxVjMEOwiAQRP-FsyGwpVA8eu83kIVdpWogKe3J-O9K0oOeJpn3Zl4i4L7lsDdew0LiLLQ4_XYR04NLB3THcqsy1bKtS5RdkQdtcq7Ez8vh_h1kbLmvh-iuBqc4kYfRK2JMCQi10kDJgyFvRusIeSAA675plWYy7Lx1QOL9AfurODI:1sj146:x2AtBoMiSKkJNjFaVztmo15Hlohhwad89fkvY0ZBWvc", "expire_date": "2024-09-10T18:37:14.441Z"}}, {"model": "users.customuser", "pk": 1, "fields": {"password": "pbkdf2_sha256$870000$8OTWkfNeSsjlgqPXmZbJnx$k0MV5+mc5tGrRQYxKjgdas2kSl8jV5QpQDG7L7pqokI=", "last_login": "2024-08-27T18:37:14.414Z", "is_superuser": true, "username": "mobilemoney", "email": "manjoloe800@gmail.com", "is_staff": true, "is_active": true, "date_joined": "2024-08-19T10:52:29Z", "first_name": "Edward", "last_name": "Manjolo", "phone_number": "+260772441791", "house_number": "2613/2044", "business_location": "Concave construction company", "profile_pic": "profile_pics/default_urdqNfW.jpg", "profile_pic_thumbnail": "profile_pics/thumbnails/thumb_profile_pics/profile_pics/default.jpg", "is_approved": true, "is_admin": false, "groups": [], "user_permissions": []}}, {"model": "users.customuser", "pk": 2, "fields": {"password": "pbkdf2_sha256$870000$sFB6ePHW7YNHw8mlMgrncA$jFknzTAQcxspLPNxZuDgAVzjt9ZF2IwyQqSX36E5yvY=", "last_login": "2024-08-24T06:37:25.506Z", "is_superuser": false, "username": "baju", "email": "", "is_staff": false, "is_active": true, "date_joined": "2024-08-19T11:21:26Z", "first_name": "Edward", "last_name": "Manjolo", "phone_number": "+260772441790", "house_number": "2613/2044", "business_location": "Concave construction company", "profile_pic": "", "profile_pic_thumbnail": "", "is_approved": true, "is_admin": false, "groups": [], "user_permissions": []}}, {"model": "users.customuser", "pk": 3, "fields": {"password": "pbkdf2_sha256$870000$qIFzjK07fW25PKqgP4bIhf$B5UEXEDf/MtyBwL+uSfyYQSRGOJnnMnfPNPMPIhBbkk=", "last_login": "2024-08-23T13:27:53.968Z", "is_superuser": false, "username": "Mwiya", "email": "", "is_staff": false, "is_active": true, "date_joined": "2024-08-21T07:47:35.802Z", "first_name": "Richardson", "last_name": "Mwiya", "phone_number": "+260972542559", "house_number": "Manungu secondary school", "business_location": "Old tootters", "profile_pic": "profile_pics/27792312-3989-4AB2-9A89-DDFC2D405142.jpeg", "profile_pic_thumbnail": "profile_pics/thumbnails/thumb_profile_pics/profile_pics/27792312-3989-4AB2-9A89-DDFC2D405142.jpeg", "is_approved": true, "is_admin": false, "groups": [], "user_permissions": []}}, {"model": "users.customuser", "pk": 4, "fields": {"password": "pbkdf2_sha256$870000$T7gaf2ZTHxGDk7ODxZMF3h$x3ca77r0u0OF7+uurzo4xodNf/XBDoLVw3yCh92IdcQ=", "last_login": "2024-08-26T04:41:25.008Z", "is_superuser": false, "username": "lena", "email": "", "is_staff": false, "is_active": true, "date_joined": "2024-08-25T19:22:10.939Z", "first_name": "reginah", "last_name": "manjolo", "phone_number": "+260772447190", "house_number": "2613/2044", "business_location": "dambwa north", "profile_pic": "profile_pics/17246136938942335830573129626602.jpg", "profile_pic_thumbnail": "profile_pics/thumbnails/thumb_profile_pics/profile_pics/17246136938942335830573129626602.jpg", "is_approved": true, "is_admin": false, "groups": [], "user_permissions": []}}, {"model": "mma.product", "pk": 1, "fields": {"name": "plates", "description": "plastic", "category": "homeware", "price": "254.00", "delivery_time": 30}}, {"model": "mma.product", "pk": 2, "fields": {"name": "Shoes", "description": "Black", "category": "Shoes", "price": "150.00", "delivery_time": 90}}, {"model": "mma.product", "pk": 3, "fields": {"name": "spoons", "description": "silver", "category": "homeware", "price": "25.00", "delivery_time": 30}}, {"model": "mma.cart", "pk": 1, "fields": {"agent": 1, "created_at": "2024-08-26T23:42:03.993Z"}}, {"model": "mma.order", "pk": 1, "fields": {"agent": 1, "customer_name": "Edward Manjolo", "total_amount": "1270.00", "deposit_amount": "381.00", "status": "approved", "created_at": "2024-08-27T06:31:58.648Z", "delivery_date": "2024-08-27", "is_approved": false}}, {"model": "mma.order", "pk": 2, "fields": {"agent": 1, "customer_name": "Edward Manjolo", "total_amount": "254.00", "deposit_amount": "76.20", "status": "approved", "created_at": "2024-08-27T06:41:40.497Z", "delivery_date": "2024-08-27", "is_approved": false}}, {"model": "mma.order", "pk": 3, "fields": {"agent": 1, "customer_name": "Edward Manjolo", "total_amount": "254.00", "deposit_amount": "76.20", "status": "approved", "created_at": "2024-08-27T06:49:50.380Z", "delivery_date": "2024-08-27", "is_approved": false}}, {"model": "mma.order", "pk": 4, "fields": {"agent": 1, "customer_name": "Edward Manjolo", "total_amount": "508.00", "deposit_amount": "152.40", "status": "approved", "created_at": "2024-08-27T16:01:23.949Z", "delivery_date": "2024-08-27", "is_approved": false}}, {"model": "mma.order", "pk": 5, "fields": {"agent": 1, "customer_name": "Given Banda", "total_amount": "762.00", "deposit_amount": "228.60", "status": "approved", "created_at": "2024-08-27T16:21:37.786Z", "delivery_date": "2024-08-27", "is_approved": false}}, {"model": "mma.order", "pk": 6, "fields": {"agent": 1, "customer_name": "Given Banda", "total_amount": "254.00", "deposit_amount": "76.20", "status": "approved", "created_at": "2024-08-27T16:23:19.365Z", "delivery_date": "2024-08-27", "is_approved": false}}, {"model": "mma.order", "pk": 7, "fields": {"agent": 1, "customer_name": "Edwards", "total_amount": "254.00", "deposit_amount": "76.20", "status": "approved", "created_at": "2024-08-27T16:36:50.304Z", "delivery_date": "2024-08-27", "is_approved": false}}, {"model": "mma.order", "pk": 8, "fields": {"agent": 1, "customer_name": "Phiri", "total_amount": "254.00", "deposit_amount": "76.20", "status": "approved", "created_at": "2024-08-27T18:37:54.429Z", "delivery_date": "2024-08-27", "is_approved": false}}, {"model": "mma.order", "pk": 9, "fields": {"agent": 1, "customer_name": "Chris", "total_amount": "1166.00", "deposit_amount": "349.80", "status": "approved", "created_at": "2024-08-27T22:42:37.381Z", "delivery_date": "2024-08-27", "is_approved": false}}, {"model": "mma.order", "pk": 10, "fields": {"agent": 1, "customer_name": "Given Banda", "total_amount": "683.00", "deposit_amount": "204.90", "status": "approved", "created_at": "2024-08-28T05:26:49.446Z", "delivery_date": "2024-08-28", "is_approved": false}}, {"model": "mma.order", "pk": 11, "fields": {"agent": 1, "customer_name": "Edward", "total_amount": "150.00", "deposit_amount": "45.00", "status": "approved", "created_at": "2024-08-28T05:40:24.595Z", "delivery_date": "2024-08-28", "is_approved": false}}, {"model": "mma.orderitem", "pk": 1, "fields": {"order": 1, "product": 1, "quantity": 5}}, {"model": "mma.orderitem", "pk": 2, "fields": {"order": 2, "product": 1, "quantity": 1}}, {"model": "mma.orderitem", "pk": 3, "fields": {"order": 3, "product": 1, "quantity": 1}}, {"model": "mma.orderitem", "pk": 4, "fields": {"order": 4, "product": 1, "quantity": 2}}, {"model": "mma.orderitem", "pk": 5, "fields": {"order": 5, "product": 1, "quantity": 3}}, {"model": "mma.orderitem", "pk": 6, "fields": {"order": 6, "product": 1, "quantity": 1}}, {"model": "mma.orderitem", "pk": 7, "fields": {"order": 7, "product": 1, "quantity": 1}}, {"model": "mma.orderitem", "pk": 8, "fields": {"order": 8, "product": 1, "quantity": 1}}, {"model": "mma.orderitem", "pk": 9, "fields": {"order": 9, "product": 1, "quantity": 4}}, {"model": "mma.orderitem", "pk": 10, "fields": {"order": 9, "product": 2, "quantity": 1}}, {"model": "mma.orderitem", "pk": 11, "fields": {"order": 10, "product": 1, "quantity": 2}}, {"model": "mma.orderitem", "pk": 12, "fields": {"order": 10, "product": 3, "quantity": 1}}, {"model": "mma.orderitem", "pk": 13, "fields": {"order": 10, "product": 2, "quantity": 1}}, {"model": "mma.orderitem", "pk": 14, "fields": {"order": 11, "product": 2, "quantity": 1}}, {"model": "mma.invoice", "pk": 1, "fields": {"order": 1, "issued_at": "2024-08-27T06:31:58.665Z", "amount_due": "381.00"}}, {"model": "mma.invoice", "pk": 2, "fields": {"order": 2, "issued_at": "2024-08-27T06:41:40.509Z", "amount_due": "76.20"}}, {"model": "mma.invoice", "pk": 3, "fields": {"order": 3, "issued_at": "2024-08-27T06:49:50.390Z", "amount_due": "76.20"}}, {"model": "mma.invoice", "pk": 4, "fields": {"order": 4, "issued_at": "2024-08-27T16:01:23.985Z", "amount_due": "152.40"}}, {"model": "mma.invoice", "pk": 5, "fields": {"order": 5, "issued_at": "2024-08-27T16:21:37.804Z", "amount_due": "228.60"}}, {"model": "mma.invoice", "pk": 6, "fields": {"order": 6, "issued_at": "2024-08-27T16:23:19.375Z", "amount_due": "76.20"}}, {"model": "mma.invoice", "pk": 7, "fields": {"order": 7, "issued_at": "2024-08-27T16:36:50.546Z", "amount_due": "76.20"}}, {"model": "mma.invoice", "pk": 8, "fields": {"order": 8, "issued_at": "2024-08-27T18:37:54.439Z", "amount_due": "76.20"}}, {"model": "mma.invoice", "pk": 9, "fields": {"order": 9, "issued_at": "2024-08-27T22:42:37.392Z", "amount_due": "349.80"}}, {"model": "mma.invoice", "pk": 10, "fields": {"order": 10, "issued_at": "2024-08-28T05:26:49.459Z", "amount_due": "204.90"}}, {"model": "mma.invoice", "pk": 11, "fields": {"order": 11, "issued_at": "2024-08-28T05:40:24.605Z", "amount_due": "45.00"}}, {"model": "mma.cashrequest", "pk": 47, "fields": {"agent": 1, "amount": "450.00", "is_approved": true, "created_at": "2024-08-26T08:47:57.799Z", "expiration_date": "2024-09-25T08:48:26.006Z"}}, {"model": "mma.cashrequest", "pk": 48, "fields": {"agent": 1, "amount": "300.00", "is_approved": true, "created_at": "2024-08-26T09:49:09.149Z", "expiration_date": "2024-09-25T09:49:58.706Z"}}, {"model": "mma.cashrequest", "pk": 49, "fields": {"agent": 1, "amount": "33.00", "is_approved": false, "created_at": "2024-08-26T10:54:32.387Z", "expiration_date": null}}, {"model": "mma.cashoutrequest", "pk": 1, "fields": {"agent": 2, "amount": "660.00", "is_approved": true, "status": "pending", "created_at": "2024-08-23T06:30:07.734Z", "approved_at": "2024-08-23T06:31:04.731Z"}}, {"model": "mma.cashoutrequest", "pk": 2, "fields": {"agent": 2, "amount": "1800.00", "is_approved": true, "status": "pending", "created_at": "2024-08-23T09:51:38.942Z", "approved_at": "2024-08-23T09:52:27.699Z"}}, {"model": "mma.cashoutrequest", "pk": 3, "fields": {"agent": 2, "amount": "60.00", "is_approved": true, "status": "pending", "created_at": "2024-08-23T09:54:23.511Z", "approved_at": "2024-08-23T09:55:02.909Z"}}, {"model": "mma.cashoutrequest", "pk": 4, "fields": {"agent": 3, "amount": "600.00", "is_approved": true, "status": "pending", "created_at": "2024-08-23T13:31:57.378Z", "approved_at": "2024-08-23T13:32:22.807Z"}}, {"model": "mma.cashoutrequest", "pk": 6, "fields": {"agent": 1, "amount": "600.00", "is_approved": true, "status": "pending", "created_at": "2024-08-23T17:24:56.836Z", "approved_at": "2024-08-23T17:26:14.145Z"}}, {"model": "mma.cashoutrequest", "pk": 7, "fields": {"agent": 1, "amount": "900.00", "is_approved": true, "status": "pending", "created_at": "2024-08-23T17:27:48.693Z", "approved_at": "2024-08-23T17:29:27.953Z"}}, {"model": "mma.cashoutrequest", "pk": 8, "fields": {"agent": 1, "amount": "900.00", "is_approved": true, "status": "pending", "created_at": "2024-08-23T17:29:00.032Z", "approved_at": "2024-08-23T17:29:24.406Z"}}, {"model": "mma.cashoutrequest", "pk": 9, "fields": {"agent": 1, "amount": "2400.00", "is_approved": true, "status": "pending", "created_at": "2024-08-24T02:59:55.901Z", "approved_at": "2024-08-24T03:00:22.484Z"}}, {"model": "mma.cashoutrequest", "pk": 25, "fields": {"agent": 2, "amount": "540.00", "is_approved": true, "status": "pending", "created_at": "2024-08-24T06:41:01.759Z", "approved_at": "2024-08-25T07:14:45.729Z"}}, {"model": "mma.cashoutrequest", "pk": 26, "fields": {"agent": 1, "amount": "600.00", "is_approved": true, "status": "pending", "created_at": "2024-08-24T07:53:49.911Z", "approved_at": "2024-08-25T07:14:56.758Z"}}, {"model": "mma.cashoutrequest", "pk": 27, "fields": {"agent": 1, "amount": "0.00", "is_approved": true, "status": "pending", "created_at": "2024-08-24T08:06:34.484Z", "approved_at": "2024-08-25T07:14:48.718Z"}}, {"model": "mma.cashoutrequest", "pk": 28, "fields": {"agent": 1, "amount": "600.00", "is_approved": true, "status": "pending", "created_at": "2024-08-24T08:26:27.582Z", "approved_at": "2024-08-24T08:26:45.814Z"}}, {"model": "mma.cashoutrequest", "pk": 29, "fields": {"agent": 1, "amount": "600.00", "is_approved": true, "status": "pending", "created_at": "2024-08-24T09:05:43.553Z", "approved_at": "2024-08-24T09:06:07.627Z"}}, {"model": "mma.cashoutrequest", "pk": 30, "fields": {"agent": 1, "amount": "900.00", "is_approved": true, "status": "pending", "created_at": "2024-08-24T09:07:11.554Z", "approved_at": "2024-08-24T09:07:21.447Z"}}, {"model": "mma.cashoutrequest", "pk": 31, "fields": {"agent": 1, "amount": "1350.00", "is_approved": true, "status": "pending", "created_at": "2024-08-24T18:57:11.359Z", "approved_at": "2024-08-24T18:57:35.129Z"}}, {"model": "mma.cashoutrequest", "pk": 32, "fields": {"agent": 1, "amount": "0.00", "is_approved": true, "status": "pending", "created_at": "2024-08-25T03:07:23.214Z", "approved_at": "2024-08-25T07:14:54.231Z"}}, {"model": "mma.cashoutrequest", "pk": 33, "fields": {"agent": 1, "amount": "2025.00", "is_approved": true, "status": "pending", "created_at": "2024-08-25T03:12:10.652Z", "approved_at": "2024-08-25T07:14:51.711Z"}}, {"model": "mma.cashoutrequest", "pk": 34, "fields": {"agent": 1, "amount": "2025.00", "is_approved": true, "status": "pending", "created_at": "2024-08-25T07:14:06.135Z", "approved_at": "2024-08-25T07:14:42.016Z"}}, {"model": "mma.cashoutrequest", "pk": 35, "fields": {"agent": 4, "amount": "504.00", "is_approved": true, "status": "pending", "created_at": "2024-08-26T05:11:30.646Z", "approved_at": "2024-08-26T05:12:32.330Z"}}, {"model": "mma.cashoutrequest", "pk": 36, "fields": {"agent": 4, "amount": "756.00", "is_approved": true, "status": "pending", "created_at": "2024-08-26T05:20:02.031Z", "approved_at": "2024-08-26T05:33:29.166Z"}}, {"model": "mma.cashoutrequest", "pk": 37, "fields": {"agent": 4, "amount": "756.00", "is_approved": true, "status": "pending", "created_at": "2024-08-26T05:33:09.710Z", "approved_at": "2024-08-26T05:33:26.332Z"}}, {"model": "mma.cashoutrequest", "pk": 43, "fields": {"agent": 1, "amount": "540.00", "is_approved": true, "status": "pending", "created_at": "2024-08-26T08:48:55.888Z", "approved_at": "2024-08-26T08:49:30.960Z"}}, {"model": "mma.cashoutrequest", "pk": 45, "fields": {"agent": 1, "amount": "360.00", "is_approved": true, "status": "pending", "created_at": "2024-08-26T09:50:23.698Z", "approved_at": "2024-08-26T09:50:46.867Z"}}, {"model": "mma.balance", "pk": 17, "fields": {"agent": 1, "request_limit": "1125.00", "cash": "0.00", "last_cashout": "2024-08-26", "float": "0.00", "interest": "0.00"}}, {"model": "mma.transaction", "pk": 79, "fields": {"agent": 1, "amount": "450.00", "transaction_type": "cash_approved", "created_at": "2024-08-26T08:48:26.061Z"}}, {"model": "mma.transaction", "pk": 80, "fields": {"agent": 1, "amount": "540.00", "transaction_type": "cashout", "created_at": "2024-08-26T08:49:30.992Z"}}, {"model": "mma.transaction", "pk": 81, "fields": {"agent": 1, "amount": "300.00", "transaction_type": "cash_approved", "created_at": "2024-08-26T09:49:58.774Z"}}, {"model": "mma.transaction", "pk": 82, "fields": {"agent": 1, "amount": "360.00", "transaction_type": "cashout", "created_at": "2024-08-26T09:50:46.893Z"}}]